<?xml version="1.0" encoding="UTF-8"?>
<beans xmlns="http://www.springframework.org/schema/beans"
    xmlns:xsi="http://www.w3.org/2001/XMLSchema-instance"
    xmlns:p="http://www.springframework.org/schema/p"
    xsi:schemaLocation="http://www.springframework.org/schema/beans  
                    http://www.springframework.org/schema/beans/spring-beans-3.0.xsd">
                    
<!--              problem 1  bean     -->
<!--               <bean id="employeeBean" class="com.yash.springiochomeassignement.model.Employee"> -->
<!--               <property name="empId" value="Y001"/> -->
<!--               <property name="empName" value="Yash"/> -->
<!--               <property name="empRole" value="Trainee"/> -->
<!--               </bean>      -->
       
       <!--              problem 2 bean        -->       
               <bean id="printMessageBean" class="com.yash.springiochomeassignement.model.PrintMessage">
              <property name="message" value="" />
              </bean>   
                    
       <!--              problem 3 bean        -->      
<!--             <bean id ="shapeBean" class="com.yash.springiochomeassignement.model.Shape" abstract="true"> -->
<!--             </bean>  -->
               
<!--             <bean id="rectangleBean" class="com.yash.springiochomeassignement.model.Rectangle" parent="shapeBean"> -->
<!--             </bean>    -->
            
<!--             <bean id="triangleBean" class="com.yash.springiochomeassignement.model.Triangle" parent="shapeBean"> -->
<!--             </bean>   -->
            
<!--             <bean id="parallelogramBean" class="com.yash.springiochomeassignement.model.Parallelogram" parent="shapeBean"> -->
<!--             </bean>    -->
             
             
<!--                            problem 4 bean        -->
<!--               <bean id="constructorMessageBean" class="com.yash.springiochomeassignement.model.ConstructorMessage"> -->
<!--         <constructor-arg index="0" value="Hi I am consrtuctor" /> -->
<!--     </bean> -->
    
<!--                    problem 5 bean  value=""      -->
<!--               <bean id="setterMessageBean" class="com.yash.springiochomeassignement.model.SetterMessage"> -->
<!--               <property name="message" value = "hello"/> -->
<!--     </bean> -->
                    
                    
                    
                    </beans>